feature,shap_importance
Income,0.5849136465056164
Teenhome,0.39345492998535087
Recency,0.3020373528078141
Dt_Customer,0.2982611339853144
Education,0.060246934054361316
Kidhome,0.05416827306063228
