feature,mean_importance
Kidhome,0.0016420159573080407
Recency,0.002638731510939385
Education,0.0032053833378097307
Dt_Customer,0.005060841836407803
Teenhome,0.0054069129761952885
Income,0.09899583093798689
