feature,mean_importance
Recency,-0.0013537047478178854
Education,0.0
Kidhome,0.0
Dt_Customer,0.0
Teenhome,0.002875759910625697
Income,0.09624221849609602
