feature,shap_importance
Income,0.11568170105045969
Recency,0.05583770400220158
Teenhome,0.011178886797201968
Education,0.0
Kidhome,0.0
Dt_Customer,0.0
