feature,mean_importance
Kidhome,0.001476673587522437
Teenhome,0.0017231566329388049
Education,0.0020868084646607833
Dt_Customer,0.010312978686511088
Recency,0.011355447009091035
Income,0.10987564124986823
