feature,shap_importance
Income,0.10995101488732922
Recency,0.045134066938441984
Dt_Customer,0.03009828661791898
Teenhome,0.015339162758858554
Education,0.00699123755929231
Kidhome,0.004965454132097727
