feature,mean_importance
Kidhome,0.004982779858912778
Teenhome,0.005358375972451768
Education,0.0075466668080304
Recency,0.015162466394440521
Dt_Customer,0.017947770770333205
Income,0.1017301321425587
