feature,mean_importance
Dt_Customer,0.004463448635598932
Recency,0.008033831087000398
Kidhome,0.008643433348172613
Teenhome,0.009269836376471718
Education,0.01214290730796408
Income,0.07895478248165737
